target,random,scaffold,LODO
M,0.5060964747823202,0.2797241538966242,0.1620994532042569
D,0.5986165096953113,0.4229831859121872,0.3393676117692227
